<?xml version="1.0" encoding="utf-8"?>
<extension version="1.6" type="plugin" group="system" method="upgrade">
    <name>Installer</name>
	<author>RocketTheme, LLC</author>
	<creationDate>March 4, 2014</creationDate>
	<copyright>(C) 2005 - 2014 RocketTheme, LLC. All rights reserved.</copyright>
	<license>http://www.gnu.org/copyleft/gpl.html GNU/GPL</license>
	<authorEmail>support@rockettheme.com</authorEmail>
	<authorUrl>http://www.rockettheme.com</authorUrl>
	<version>2.0.7</version>
	<description>RokBox for Joomla! v2.0.7</description>
    <scriptfile>install.script.php</scriptfile>
    <files>
        <filename plugin="rokbox_installer">installer.php</filename>
    </files>
    <cogs>
        <cog type="plugin" client="site" ordering="1" access="1" enabled="true" protected="false">
            plg_system_rokbox
            <name>RokBox System Plugin</name>
            <description>RokBox System Plugin for Joomla</description>
        </cog>
        <cog type="plugin" client="site" ordering="1" access="1" enabled="true" protected="false">
            plg_content_rokbox
            <name>RokBox Content Plugin</name>
            <description>RokBox Content Plugin for Joomla</description>
        </cog>
        <cog type="plugin" client="site" ordering="1" access="1" enabled="true" protected="false">
            plg_editors-xtd_rokbox
            <name>RokBox Editor Button</name>
            <description>RokBox Editor Button Plugin for Joomla!</description>
        </cog>
    </cogs>
</extension>
